bulan;minggu_ke;tanggal;barang;berat_keluar_kg
februari;4;2025-02-25;atum;519
februari;1;2025-02-07;cirebonan;591
juni;1;2025-06-07;atum;662
agustus;5;2025-08-29;besi;4037
februari;3;2025-02-21;besi;3563
juli;2;2025-07-13;logam;198
mei;2;2025-05-08;cirebonan;509
september;2;2025-09-08;besi;3475
maret;3;2025-03-17;logam;149
januari;2;2025-01-10;logam;174
november;4;2025-11-23;dus;2959
januari;1;2025-01-06;cirebonan;513
maret;2;2025-03-09;besi;4668
april;1;2025-04-05;besi;4078
desember;3;2025-12-21;atum;556
juni;1;2025-06-04;atum;574
januari;4;2025-01-28;cirebonan;575
september;1;2025-09-04;atum;658
mei;1;2025-05-01;cirebonan;355
april;1;2025-04-02;dus;2208
februari;3;2025-02-18;besi;4151
mei;1;2025-05-02;logam;180
desember;5;2025-12-31;besi;4831
april;4;2025-04-26;logam;124
januari;4;2025-01-28;atum;538
november;2;2025-11-08;logam;236
januari;2;2025-01-09;logam;222
maret;2;2025-03-08;logam;147
maret;5;2025-03-30;dus;2723
agustus;1;2025-08-07;besi;3588
juli;2;2025-07-12;besi;5260
juni;5;2025-06-30;dus;2879
mei;3;2025-05-20;cirebonan;461
agustus;1;2025-08-06;cirebonan;323
desember;3;2025-12-18;besi;5385
desember;2;2025-12-11;logam;104
agustus;3;2025-08-20;dus;2497
juni;2;2025-06-12;atum;537
maret;3;2025-03-18;besi;3708
september;3;2025-09-17;dus;2684
september;3;2025-09-15;cirebonan;436
januari;2;2025-01-09;logam;160
agustus;5;2025-08-31;logam;103
oktober;4;2025-10-24;cirebonan;540
agustus;2;2025-08-08;besi;4704
oktober;1;2025-10-02;cirebonan;380
agustus;3;2025-08-17;dus;2346
oktober;3;2025-10-19;besi;5431
desember;3;2025-12-19;dus;2416
agustus;2;2025-08-12;logam;110
juli;2;2025-07-13;besi;3300
oktober;3;2025-10-17;besi;4128
agustus;1;2025-08-07;logam;229
agustus;1;2025-08-07;dus;2467
maret;3;2025-03-15;logam;129
juli;1;2025-07-06;atum;545
november;1;2025-11-06;atum;572
maret;4;2025-03-23;dus;2704
oktober;4;2025-10-26;cirebonan;469
september;3;2025-09-19;cirebonan;484
maret;3;2025-03-18;cirebonan;427
oktober;1;2025-10-02;cirebonan;494
juli;1;2025-07-07;besi;5197
januari;2;2025-01-08;besi;5484
agustus;2;2025-08-08;cirebonan;564
juli;2;2025-07-13;besi;4852
februari;3;2025-02-15;cirebonan;379
desember;3;2025-12-18;logam;110
mei;4;2025-05-28;besi;4692
april;2;2025-04-14;logam;170
agustus;4;2025-08-26;atum;584
juli;3;2025-07-18;cirebonan;316
januari;1;2025-01-01;dus;2535
april;4;2025-04-25;besi;5439
mei;2;2025-05-08;besi;4061
januari;1;2025-01-06;atum;515
januari;3;2025-01-21;logam;191
februari;3;2025-02-15;logam;162
mei;2;2025-05-13;cirebonan;568
september;1;2025-09-04;logam;122
agustus;2;2025-08-10;besi;4838
april;2;2025-04-12;atum;630
juli;2;2025-07-12;dus;2854
februari;4;2025-02-25;dus;2960
maret;1;2025-03-01;atum;591
februari;3;2025-02-15;dus;2264
september;2;2025-09-10;cirebonan;562
desember;4;2025-12-27;logam;206
februari;1;2025-02-07;atum;609
agustus;3;2025-08-15;atum;636
agustus;5;2025-08-29;cirebonan;471
oktober;1;2025-10-06;logam;203
juni;3;2025-06-21;dus;2962
maret;1;2025-03-05;atum;695
november;5;2025-11-30;dus;2327
desember;3;2025-12-20;dus;2815
mei;3;2025-05-15;besi;3450
oktober;2;2025-10-11;atum;528
april;5;2025-04-29;besi;3508
november;5;2025-11-29;cirebonan;441
juli;1;2025-07-02;cirebonan;511
juni;5;2025-06-30;cirebonan;583
januari;4;2025-01-23;besi;4892
juni;1;2025-06-02;logam;148
april;4;2025-04-28;dus;2537
juli;2;2025-07-11;cirebonan;348
agustus;4;2025-08-22;cirebonan;354
januari;4;2025-01-25;besi;5385
mei;1;2025-05-05;cirebonan;503
november;4;2025-11-27;atum;615
desember;4;2025-12-28;cirebonan;300
mei;2;2025-05-09;atum;649
juli;1;2025-07-02;atum;559
november;5;2025-11-29;atum;631
februari;2;2025-02-10;dus;2794
maret;5;2025-03-30;dus;2830
oktober;5;2025-10-29;logam;186
juli;1;2025-07-04;logam;224
maret;2;2025-03-14;atum;605
mei;4;2025-05-22;cirebonan;492
februari;4;2025-02-28;cirebonan;439
januari;1;2025-01-05;besi;4159
januari;4;2025-01-23;logam;125
januari;4;2025-01-27;atum;507
april;4;2025-04-22;cirebonan;379
agustus;2;2025-08-09;logam;225
november;1;2025-11-01;cirebonan;514
oktober;2;2025-10-10;besi;4576
november;2;2025-11-09;cirebonan;567
juli;2;2025-07-14;cirebonan;339
agustus;1;2025-08-01;atum;658
november;1;2025-11-03;besi;3529
oktober;5;2025-10-31;atum;566
maret;5;2025-03-30;dus;2833
oktober;5;2025-10-30;dus;2432
juni;2;2025-06-12;dus;2929
oktober;2;2025-10-10;besi;4034
juli;3;2025-07-18;cirebonan;308
juni;3;2025-06-15;logam;104
juni;3;2025-06-17;atum;546
april;1;2025-04-03;dus;2721
maret;4;2025-03-25;atum;611
februari;4;2025-02-24;logam;203
oktober;3;2025-10-19;logam;118
oktober;4;2025-10-24;atum;583
januari;3;2025-01-15;besi;5426
november;4;2025-11-23;logam;179
maret;3;2025-03-21;dus;2806
juni;2;2025-06-10;cirebonan;457
mei;2;2025-05-12;besi;5024
mei;4;2025-05-26;atum;691
februari;1;2025-02-01;atum;629
mei;4;2025-05-24;dus;2935
desember;2;2025-12-13;dus;2641
agustus;4;2025-08-28;atum;540
maret;1;2025-03-02;besi;3873
desember;4;2025-12-23;atum;509
september;5;2025-09-29;dus;2968
oktober;3;2025-10-17;logam;158
maret;4;2025-03-24;atum;544
november;1;2025-11-02;dus;2255
november;1;2025-11-05;logam;220
oktober;2;2025-10-09;logam;158
april;3;2025-04-15;cirebonan;414
desember;4;2025-12-26;besi;3598
desember;4;2025-12-25;besi;3886
april;4;2025-04-25;besi;3875
november;1;2025-11-05;cirebonan;326
november;3;2025-11-18;cirebonan;328
juli;2;2025-07-11;cirebonan;533
maret;3;2025-03-18;logam;153
agustus;4;2025-08-25;dus;2512
mei;3;2025-05-18;dus;2704
september;3;2025-09-18;logam;177
september;3;2025-09-17;atum;658
april;5;2025-04-30;cirebonan;466
desember;4;2025-12-26;dus;2593
januari;3;2025-01-16;besi;3172
juni;2;2025-06-13;dus;2726
januari;1;2025-01-07;cirebonan;364
november;3;2025-11-18;besi;4431
september;3;2025-09-17;logam;118
juli;4;2025-07-22;atum;694
agustus;2;2025-08-13;dus;2315
november;3;2025-11-15;cirebonan;490
september;5;2025-09-30;logam;192
september;1;2025-09-07;logam;174
september;3;2025-09-21;cirebonan;574
agustus;1;2025-08-05;dus;2576
juli;4;2025-07-24;logam;163
oktober;2;2025-10-13;logam;143
maret;4;2025-03-24;cirebonan;519
februari;2;2025-02-10;atum;555
september;4;2025-09-27;besi;4069
agustus;4;2025-08-22;cirebonan;561
maret;4;2025-03-26;dus;2398
september;2;2025-09-12;logam;194
januari;1;2025-01-03;atum;571
agustus;3;2025-08-21;cirebonan;416
juli;3;2025-07-20;besi;4519
november;3;2025-11-16;cirebonan;341
april;4;2025-04-23;besi;4255
januari;4;2025-01-23;logam;116
juni;1;2025-06-03;besi;3147
mei;4;2025-05-27;atum;575
juni;2;2025-06-08;cirebonan;306
april;1;2025-04-06;cirebonan;570
agustus;1;2025-08-07;logam;161
maret;5;2025-03-31;dus;2680
juli;3;2025-07-16;cirebonan;313
april;2;2025-04-08;besi;3716
april;3;2025-04-21;atum;584
maret;4;2025-03-22;logam;122
mei;4;2025-05-27;logam;109
oktober;4;2025-10-23;cirebonan;373
maret;3;2025-03-15;dus;2825
juli;5;2025-07-30;logam;237
desember;3;2025-12-17;cirebonan;307
januari;3;2025-01-20;besi;4976
november;3;2025-11-21;dus;2952
juni;2;2025-06-13;logam;235
november;1;2025-11-01;dus;2986
agustus;4;2025-08-28;logam;191
maret;3;2025-03-15;besi;4325
april;3;2025-04-17;besi;3473
maret;2;2025-03-08;dus;2937
februari;1;2025-02-04;atum;650
agustus;5;2025-08-29;cirebonan;332
desember;3;2025-12-20;besi;4678
oktober;3;2025-10-17;besi;4872
januari;3;2025-01-15;cirebonan;342
maret;1;2025-03-03;atum;601
oktober;4;2025-10-27;besi;4558
juli;3;2025-07-20;atum;675
oktober;2;2025-10-08;logam;198
juli;3;2025-07-18;dus;2960
agustus;3;2025-08-18;besi;3184
september;3;2025-09-21;cirebonan;359
agustus;3;2025-08-21;atum;583
juli;4;2025-07-27;cirebonan;395
desember;3;2025-12-15;dus;2583
desember;1;2025-12-07;cirebonan;456
januari;1;2025-01-02;logam;226
november;1;2025-11-06;dus;2362
januari;3;2025-01-19;atum;503
juli;2;2025-07-11;cirebonan;569
oktober;3;2025-10-20;besi;3506
mei;5;2025-05-31;besi;4449
oktober;3;2025-10-20;dus;2509
maret;2;2025-03-10;besi;5025
agustus;1;2025-08-05;atum;677
januari;4;2025-01-24;dus;2623
desember;4;2025-12-26;logam;249
februari;1;2025-02-01;atum;580
maret;4;2025-03-22;dus;2575
september;5;2025-09-29;cirebonan;586
september;4;2025-09-22;logam;112
september;2;2025-09-11;besi;3755
januari;5;2025-01-31;cirebonan;512
oktober;3;2025-10-16;dus;2266
maret;3;2025-03-15;atum;610
agustus;4;2025-08-25;logam;129
oktober;5;2025-10-30;besi;3332
november;4;2025-11-26;atum;605
oktober;1;2025-10-07;dus;2822
juli;2;2025-07-11;atum;534
oktober;4;2025-10-25;cirebonan;495
februari;1;2025-02-02;logam;167
oktober;2;2025-10-10;logam;144
februari;3;2025-02-21;cirebonan;574
februari;1;2025-02-05;dus;2461
mei;3;2025-05-16;cirebonan;462
maret;3;2025-03-15;logam;103
oktober;4;2025-10-25;dus;2770
mei;2;2025-05-09;atum;682
april;1;2025-04-03;besi;3202
juli;4;2025-07-28;besi;3170
januari;3;2025-01-21;besi;3261
agustus;2;2025-08-12;cirebonan;562
april;5;2025-04-30;besi;3227
mei;1;2025-05-02;cirebonan;365
november;1;2025-11-01;logam;128
juli;2;2025-07-11;logam;202
desember;5;2025-12-31;atum;515
mei;3;2025-05-19;besi;3677
agustus;4;2025-08-23;logam;113
november;3;2025-11-18;cirebonan;449
juni;1;2025-06-06;dus;2690
juli;3;2025-07-15;besi;3565
desember;3;2025-12-16;besi;4735
mei;1;2025-05-02;dus;2372
april;2;2025-04-12;atum;697
februari;4;2025-02-27;dus;2796
mei;1;2025-05-05;logam;233
januari;3;2025-01-17;logam;148
april;4;2025-04-27;logam;214
agustus;5;2025-08-30;atum;614
april;1;2025-04-07;besi;3336
april;2;2025-04-13;cirebonan;332
april;4;2025-04-24;logam;100
november;4;2025-11-24;besi;5198
november;2;2025-11-08;cirebonan;381
desember;3;2025-12-21;cirebonan;474
oktober;1;2025-10-03;dus;2325
september;5;2025-09-30;logam;122
september;1;2025-09-02;besi;3030
september;1;2025-09-04;besi;4515
februari;4;2025-02-25;cirebonan;332
mei;5;2025-05-31;cirebonan;559
juni;1;2025-06-03;logam;100
desember;1;2025-12-06;besi;4067
januari;5;2025-01-29;atum;642
september;2;2025-09-10;atum;693
oktober;3;2025-10-20;logam;150
juli;2;2025-07-09;logam;182
februari;2;2025-02-09;logam;175
november;4;2025-11-27;atum;606
juni;1;2025-06-04;dus;2954
november;2;2025-11-09;logam;210
oktober;4;2025-10-22;besi;3543
oktober;1;2025-10-01;logam;154
desember;1;2025-12-06;logam;116
november;3;2025-11-21;besi;4504
februari;4;2025-02-22;cirebonan;527
september;1;2025-09-04;logam;178
april;1;2025-04-07;logam;104
september;4;2025-09-27;dus;2233
november;4;2025-11-25;dus;2795
maret;3;2025-03-17;logam;236
juni;3;2025-06-21;dus;2680
april;1;2025-04-01;dus;2745
januari;1;2025-01-05;cirebonan;542
november;4;2025-11-26;logam;212
januari;2;2025-01-10;logam;181
desember;5;2025-12-29;atum;646
oktober;1;2025-10-04;dus;2634
mei;3;2025-05-16;logam;146
september;2;2025-09-14;dus;2414
desember;4;2025-12-26;cirebonan;312
september;4;2025-09-27;cirebonan;564
oktober;3;2025-10-16;atum;518
juli;3;2025-07-20;logam;211
november;3;2025-11-20;cirebonan;382
april;1;2025-04-04;dus;2331
februari;3;2025-02-17;besi;5323
september;3;2025-09-16;atum;574
juni;3;2025-06-21;logam;145
september;3;2025-09-21;besi;4938
agustus;4;2025-08-24;atum;507
oktober;3;2025-10-16;atum;552
agustus;3;2025-08-21;atum;565
maret;2;2025-03-09;logam;126
desember;2;2025-12-12;atum;629
september;3;2025-09-19;dus;2506
januari;2;2025-01-14;dus;2517
agustus;1;2025-08-02;atum;622
juni;1;2025-06-04;besi;3127
april;2;2025-04-11;logam;104
agustus;2;2025-08-08;cirebonan;363
oktober;5;2025-10-31;cirebonan;516
februari;3;2025-02-16;cirebonan;391
agustus;4;2025-08-27;logam;184
juli;2;2025-07-09;besi;3205
april;3;2025-04-18;logam;240
november;4;2025-11-28;logam;111
juli;5;2025-07-31;dus;2844
maret;3;2025-03-21;atum;533
mei;4;2025-05-25;besi;3531
agustus;3;2025-08-20;dus;2243
juni;2;2025-06-09;dus;2979
maret;3;2025-03-20;dus;2311
agustus;4;2025-08-22;besi;3993
agustus;1;2025-08-01;dus;2734
maret;2;2025-03-13;besi;4183
maret;4;2025-03-26;atum;584
februari;1;2025-02-07;besi;3721
juni;1;2025-06-05;dus;2348
april;1;2025-04-01;besi;3306
juli;3;2025-07-20;besi;3305
februari;4;2025-02-28;cirebonan;303
juni;4;2025-06-25;logam;209
oktober;1;2025-10-03;cirebonan;356
juni;3;2025-06-21;atum;544
agustus;5;2025-08-31;atum;557
april;2;2025-04-13;dus;2946
maret;2;2025-03-12;cirebonan;364
desember;3;2025-12-21;besi;4834
januari;1;2025-01-06;dus;2969
mei;2;2025-05-14;logam;110
juli;2;2025-07-12;logam;181
november;4;2025-11-26;atum;651
februari;4;2025-02-25;cirebonan;326
oktober;4;2025-10-23;logam;176
maret;4;2025-03-22;besi;3569
mei;4;2025-05-22;dus;2767
desember;2;2025-12-11;cirebonan;318
juli;1;2025-07-06;cirebonan;471
september;3;2025-09-17;cirebonan;313
maret;4;2025-03-28;atum;568
september;1;2025-09-07;cirebonan;340
agustus;1;2025-08-03;logam;191
september;3;2025-09-15;cirebonan;332
mei;3;2025-05-16;besi;4306
april;3;2025-04-19;atum;686
oktober;2;2025-10-11;besi;4303
maret;3;2025-03-16;logam;162
april;1;2025-04-02;atum;661
oktober;2;2025-10-11;dus;2634
juni;4;2025-06-25;logam;178
mei;1;2025-05-03;atum;680
oktober;1;2025-10-04;besi;3098
oktober;1;2025-10-03;atum;546
januari;2;2025-01-13;dus;2411
februari;3;2025-02-20;dus;2354
oktober;2;2025-10-09;dus;2720
mei;3;2025-05-19;besi;3216
september;1;2025-09-01;logam;172
februari;2;2025-02-08;dus;2263
juni;3;2025-06-17;logam;224
juli;2;2025-07-14;dus;2546
november;4;2025-11-27;besi;3304
agustus;1;2025-08-05;besi;4296
juni;2;2025-06-10;atum;567
juni;3;2025-06-17;besi;3421
mei;1;2025-05-06;logam;105
juni;4;2025-06-24;atum;634
desember;1;2025-12-02;cirebonan;387
november;1;2025-11-06;atum;665
september;1;2025-09-01;logam;114
september;5;2025-09-30;atum;623
januari;3;2025-01-18;besi;4584
november;1;2025-11-07;cirebonan;590
mei;1;2025-05-06;atum;651
oktober;2;2025-10-13;logam;125
agustus;2;2025-08-12;dus;2677
juni;3;2025-06-19;dus;2294
oktober;4;2025-10-28;logam;145
mei;1;2025-05-06;logam;247
maret;4;2025-03-26;cirebonan;504
februari;2;2025-02-08;atum;593
april;4;2025-04-24;dus;2975
desember;3;2025-12-18;atum;503
oktober;3;2025-10-16;logam;230
januari;4;2025-01-22;cirebonan;404
maret;3;2025-03-18;dus;2968
februari;3;2025-02-17;dus;2678
mei;4;2025-05-25;besi;4320
agustus;2;2025-08-10;logam;185
september;3;2025-09-18;cirebonan;328
maret;1;2025-03-02;logam;158
januari;2;2025-01-08;atum;523
februari;4;2025-02-22;cirebonan;572
november;5;2025-11-29;cirebonan;378
desember;4;2025-12-25;cirebonan;537
oktober;4;2025-10-27;logam;161
oktober;4;2025-10-23;atum;690
juni;4;2025-06-28;atum;582
oktober;2;2025-10-14;dus;2499
maret;3;2025-03-16;atum;560
agustus;3;2025-08-15;cirebonan;522
agustus;5;2025-08-31;dus;2552
september;1;2025-09-03;atum;514
juli;4;2025-07-25;logam;208
mei;3;2025-05-15;logam;201
desember;3;2025-12-15;logam;125
januari;2;2025-01-14;atum;638
maret;1;2025-03-04;logam;214
agustus;4;2025-08-22;dus;2869
september;2;2025-09-13;logam;245
maret;2;2025-03-09;atum;646
desember;2;2025-12-10;dus;2624
oktober;2;2025-10-08;cirebonan;323
september;3;2025-09-18;dus;2618
november;3;2025-11-16;atum;510
agustus;3;2025-08-20;logam;209
mei;4;2025-05-23;dus;2544
januari;4;2025-01-24;dus;2619
juni;4;2025-06-25;dus;2258
september;4;2025-09-27;dus;2991
agustus;3;2025-08-15;atum;694
juli;5;2025-07-31;dus;2850
oktober;4;2025-10-27;cirebonan;392
januari;2;2025-01-10;besi;5453
agustus;5;2025-08-29;cirebonan;449
september;1;2025-09-03;dus;2467
juni;4;2025-06-28;atum;532
februari;1;2025-02-02;cirebonan;507
desember;2;2025-12-08;logam;205
april;4;2025-04-23;dus;2759
juni;1;2025-06-03;atum;516
juli;3;2025-07-18;atum;631
januari;2;2025-01-11;logam;235
april;2;2025-04-13;atum;542
februari;3;2025-02-16;logam;219
oktober;1;2025-10-05;besi;3091
april;3;2025-04-19;atum;645
agustus;3;2025-08-17;besi;3684
mei;3;2025-05-17;logam;153
mei;4;2025-05-23;dus;2685
november;2;2025-11-13;dus;2519
juni;3;2025-06-15;cirebonan;303
februari;3;2025-02-16;logam;168
november;4;2025-11-27;dus;2620
september;4;2025-09-26;atum;688
agustus;4;2025-08-26;atum;684
maret;3;2025-03-17;cirebonan;451
desember;1;2025-12-07;dus;2406
september;2;2025-09-13;besi;3950
november;1;2025-11-04;atum;550
juli;2;2025-07-14;cirebonan;577
januari;1;2025-01-03;besi;3851
agustus;2;2025-08-13;besi;5394
oktober;3;2025-10-18;cirebonan;478
oktober;4;2025-10-26;logam;171
agustus;4;2025-08-28;atum;575
mei;5;2025-05-29;logam;114
juni;2;2025-06-08;logam;143
oktober;1;2025-10-04;logam;124
oktober;2;2025-10-09;dus;2559
juni;4;2025-06-28;besi;5256
maret;1;2025-03-07;atum;560
mei;4;2025-05-25;atum;651
januari;4;2025-01-26;dus;2336
april;4;2025-04-22;atum;676
november;4;2025-11-25;atum;509
oktober;1;2025-10-03;cirebonan;433
juli;4;2025-07-27;atum;543
juni;4;2025-06-25;besi;4724
januari;4;2025-01-25;atum;505
april;1;2025-04-07;besi;4607
agustus;1;2025-08-05;besi;4320
april;4;2025-04-27;dus;2505
desember;3;2025-12-15;dus;2452
agustus;3;2025-08-21;logam;162
februari;2;2025-02-08;logam;187
maret;2;2025-03-13;besi;3382
september;1;2025-09-07;besi;4180
april;2;2025-04-10;cirebonan;375
desember;4;2025-12-28;logam;170
mei;2;2025-05-11;atum;594
april;5;2025-04-30;cirebonan;475
juni;1;2025-06-02;atum;612
agustus;3;2025-08-16;logam;234
juni;5;2025-06-29;besi;4150
agustus;1;2025-08-07;atum;582
juli;4;2025-07-26;atum;678
agustus;1;2025-08-07;logam;245
juli;4;2025-07-26;logam;108
april;3;2025-04-21;logam;205
desember;4;2025-12-25;dus;2987
januari;1;2025-01-07;besi;4596
mei;4;2025-05-28;besi;3453
juni;3;2025-06-21;besi;3778
november;3;2025-11-20;logam;243
mei;3;2025-05-19;besi;4476
maret;2;2025-03-08;dus;2957
maret;3;2025-03-17;atum;687
maret;1;2025-03-02;atum;540
april;4;2025-04-28;atum;558
maret;5;2025-03-31;dus;2375
agustus;5;2025-08-30;dus;2839
november;3;2025-11-17;dus;2463
november;3;2025-11-21;besi;4470
juli;3;2025-07-20;besi;3835
juli;4;2025-07-24;logam;139
februari;4;2025-02-28;cirebonan;371
maret;4;2025-03-25;dus;2407
januari;4;2025-01-22;atum;560
mei;4;2025-05-27;besi;3842
september;3;2025-09-17;besi;3302
oktober;3;2025-10-21;atum;536
september;1;2025-09-06;atum;543
januari;1;2025-01-07;logam;179
september;2;2025-09-13;logam;123
januari;3;2025-01-21;logam;193
maret;4;2025-03-24;cirebonan;359
april;4;2025-04-25;cirebonan;349
april;2;2025-04-14;atum;680
mei;2;2025-05-08;cirebonan;514
maret;4;2025-03-27;logam;240
november;1;2025-11-07;besi;3785
februari;4;2025-02-22;atum;507
april;1;2025-04-04;cirebonan;381
april;2;2025-04-12;cirebonan;431
september;2;2025-09-11;cirebonan;576
mei;5;2025-05-31;cirebonan;315
juli;2;2025-07-08;logam;116
juni;3;2025-06-16;dus;2871
juli;4;2025-07-23;atum;689
desember;2;2025-12-12;atum;613
mei;4;2025-05-26;dus;2502
desember;5;2025-12-30;besi;5171
juli;1;2025-07-02;cirebonan;553
januari;3;2025-01-16;atum;644
mei;4;2025-05-27;dus;2677
mei;1;2025-05-03;logam;171
agustus;4;2025-08-24;atum;626
juli;4;2025-07-25;cirebonan;407
januari;3;2025-01-16;dus;2247
oktober;2;2025-10-14;atum;631
november;1;2025-11-05;dus;2446
september;2;2025-09-11;atum;536
juni;2;2025-06-08;cirebonan;510
juli;5;2025-07-29;dus;2930
agustus;5;2025-08-30;besi;4756
oktober;3;2025-10-21;cirebonan;485
mei;2;2025-05-14;cirebonan;568
februari;4;2025-02-25;atum;539
agustus;2;2025-08-09;cirebonan;440
november;1;2025-11-04;dus;2475
februari;1;2025-02-05;cirebonan;586
oktober;2;2025-10-08;logam;183
juni;2;2025-06-13;atum;525
desember;4;2025-12-28;besi;5237
september;4;2025-09-28;besi;4331
september;4;2025-09-22;atum;623
september;3;2025-09-20;cirebonan;450
november;5;2025-11-30;besi;3803
april;1;2025-04-06;logam;241
april;1;2025-04-06;dus;2524
juli;1;2025-07-02;dus;2973
april;1;2025-04-05;besi;3436
desember;4;2025-12-28;dus;2974
desember;4;2025-12-28;atum;694
november;4;2025-11-28;dus;2639
februari;4;2025-02-28;logam;248
april;3;2025-04-19;atum;679
juni;3;2025-06-21;logam;170
mei;2;2025-05-10;besi;3226
agustus;1;2025-08-05;besi;4282
juli;5;2025-07-31;cirebonan;363
januari;5;2025-01-31;besi;3649
juni;5;2025-06-29;logam;145
januari;2;2025-01-12;dus;2570
agustus;4;2025-08-24;logam;192
september;3;2025-09-18;cirebonan;387
juli;2;2025-07-11;atum;638
september;1;2025-09-03;cirebonan;464
juni;2;2025-06-11;logam;131
september;1;2025-09-03;dus;2337
november;2;2025-11-11;cirebonan;511
oktober;3;2025-10-19;dus;2996
desember;4;2025-12-26;atum;508
juni;4;2025-06-24;dus;2462
mei;1;2025-05-07;cirebonan;369
oktober;4;2025-10-22;logam;189
mei;4;2025-05-26;atum;635
oktober;2;2025-10-13;logam;188
desember;2;2025-12-14;dus;2901
mei;2;2025-05-13;atum;610
maret;2;2025-03-10;dus;2574
maret;2;2025-03-11;dus;2480
juli;1;2025-07-02;cirebonan;523
agustus;1;2025-08-01;atum;665
november;4;2025-11-25;cirebonan;458
november;2;2025-11-11;dus;2423
desember;1;2025-12-03;logam;212
juli;1;2025-07-04;atum;636
desember;1;2025-12-01;logam;235
juni;2;2025-06-14;cirebonan;503
oktober;2;2025-10-08;atum;545
februari;3;2025-02-19;cirebonan;576
januari;3;2025-01-19;besi;4575
desember;4;2025-12-24;logam;127
januari;4;2025-01-26;dus;2768
februari;3;2025-02-20;logam;192
mei;5;2025-05-30;logam;223
februari;4;2025-02-24;cirebonan;492
maret;1;2025-03-01;cirebonan;461
januari;1;2025-01-07;cirebonan;529
maret;3;2025-03-18;logam;137
agustus;2;2025-08-10;logam;140
agustus;4;2025-08-28;logam;173
agustus;2;2025-08-11;atum;548
oktober;3;2025-10-19;cirebonan;562
september;1;2025-09-07;cirebonan;485
februari;4;2025-02-27;atum;623
mei;2;2025-05-14;cirebonan;307
september;3;2025-09-19;logam;141
juli;4;2025-07-26;dus;2750
februari;1;2025-02-06;cirebonan;386
maret;3;2025-03-18;dus;2665
februari;3;2025-02-17;cirebonan;441
juni;2;2025-06-08;atum;598
desember;1;2025-12-03;besi;4372
april;3;2025-04-16;besi;4871
desember;5;2025-12-31;besi;3686
oktober;2;2025-10-10;dus;2508
juni;1;2025-06-05;besi;4610
april;2;2025-04-10;besi;3026
juni;1;2025-06-02;atum;597
juli;2;2025-07-14;atum;660
juni;4;2025-06-23;atum;663
oktober;4;2025-10-24;cirebonan;485
desember;3;2025-12-15;dus;2986
juli;2;2025-07-10;cirebonan;326
juni;4;2025-06-23;logam;191
juli;1;2025-07-03;logam;135
juni;4;2025-06-27;besi;3241
juli;4;2025-07-23;dus;2842
november;4;2025-11-25;cirebonan;405
juni;3;2025-06-19;besi;3799
juni;3;2025-06-16;atum;622
juni;2;2025-06-13;dus;2315
agustus;4;2025-08-23;cirebonan;566
september;2;2025-09-11;atum;590
maret;2;2025-03-13;dus;2616
april;1;2025-04-05;besi;5466
september;1;2025-09-02;dus;2636
januari;2;2025-01-14;atum;518
september;1;2025-09-06;atum;604
september;3;2025-09-20;besi;3562
desember;2;2025-12-14;dus;2655
maret;3;2025-03-19;cirebonan;344
juli;2;2025-07-11;dus;2570
agustus;2;2025-08-09;logam;159
juli;5;2025-07-31;atum;528
juli;3;2025-07-19;dus;2752
mei;3;2025-05-15;besi;3028
agustus;4;2025-08-27;logam;116
februari;4;2025-02-28;besi;4439
maret;4;2025-03-23;besi;5049
oktober;5;2025-10-29;atum;558
september;1;2025-09-03;dus;2549
juli;3;2025-07-17;atum;591
september;1;2025-09-02;logam;215
februari;4;2025-02-22;dus;2612
juli;4;2025-07-27;cirebonan;411
april;5;2025-04-29;besi;3456
oktober;3;2025-10-15;atum;533
juli;3;2025-07-17;atum;596
februari;1;2025-02-04;atum;694
november;3;2025-11-18;atum;532
juli;1;2025-07-03;atum;637
agustus;3;2025-08-19;logam;152
juni;1;2025-06-07;cirebonan;434
juli;1;2025-07-01;besi;3712
juni;4;2025-06-22;besi;5182
april;2;2025-04-10;atum;684
november;1;2025-11-06;besi;3389
april;2;2025-04-12;dus;2754
maret;4;2025-03-23;logam;113
januari;3;2025-01-18;logam;220
juni;4;2025-06-24;atum;680
maret;3;2025-03-20;dus;2994
november;2;2025-11-13;besi;5275
desember;2;2025-12-12;dus;2725
september;4;2025-09-25;cirebonan;557
september;4;2025-09-28;cirebonan;375
januari;1;2025-01-03;dus;2449
juli;3;2025-07-16;besi;5375
agustus;4;2025-08-25;cirebonan;341
desember;4;2025-12-27;atum;537
desember;2;2025-12-13;besi;4636
mei;5;2025-05-31;cirebonan;505
januari;2;2025-01-11;besi;3037
juli;5;2025-07-29;besi;5242
agustus;5;2025-08-31;dus;2282
september;3;2025-09-20;besi;3934
juli;1;2025-07-02;atum;566
juni;3;2025-06-18;cirebonan;594
mei;3;2025-05-17;besi;3302
desember;3;2025-12-19;atum;610
maret;3;2025-03-18;besi;4313
desember;5;2025-12-29;atum;535
mei;2;2025-05-13;atum;637
juni;2;2025-06-13;logam;155
februari;1;2025-02-03;besi;4072
oktober;1;2025-10-01;besi;4946
mei;2;2025-05-12;cirebonan;363
desember;1;2025-12-05;logam;246
april;4;2025-04-22;besi;5253
februari;4;2025-02-28;dus;2966
februari;1;2025-02-01;besi;3980
januari;3;2025-01-18;logam;231
maret;1;2025-03-07;atum;619
oktober;2;2025-10-12;logam;189
juni;3;2025-06-15;besi;3960
desember;4;2025-12-27;atum;595
juni;2;2025-06-09;logam;144
juni;4;2025-06-24;logam;221
agustus;2;2025-08-14;logam;187
juli;2;2025-07-09;cirebonan;339
september;1;2025-09-04;besi;4267
mei;4;2025-05-24;atum;635
juli;4;2025-07-28;besi;3678
maret;3;2025-03-15;besi;3737
mei;2;2025-05-10;cirebonan;368
februari;4;2025-02-22;dus;2895
november;1;2025-11-07;cirebonan;401
mei;5;2025-05-29;atum;551
juni;1;2025-06-04;logam;184
februari;1;2025-02-06;besi;4768
september;1;2025-09-02;logam;201
mei;2;2025-05-13;atum;677
juni;3;2025-06-19;logam;180
februari;3;2025-02-18;besi;4376
april;3;2025-04-20;besi;3839
juli;4;2025-07-28;logam;247
maret;4;2025-03-22;atum;647
maret;3;2025-03-20;dus;2414
desember;4;2025-12-23;atum;690
agustus;1;2025-08-02;cirebonan;411
desember;1;2025-12-03;atum;684
april;3;2025-04-19;atum;560
juni;1;2025-06-07;besi;5182
mei;4;2025-05-23;besi;4244
mei;4;2025-05-27;besi;5198
maret;5;2025-03-31;logam;235
mei;2;2025-05-13;atum;582
januari;4;2025-01-25;besi;3741
oktober;1;2025-10-01;besi;5113
juli;4;2025-07-23;atum;681
juni;3;2025-06-15;atum;564
agustus;2;2025-08-13;dus;2577
juni;3;2025-06-20;dus;2977
agustus;1;2025-08-02;dus;2474
mei;4;2025-05-28;dus;2739
november;5;2025-11-29;dus;2250
agustus;5;2025-08-30;dus;2673
juni;1;2025-06-06;besi;3460
april;4;2025-04-28;atum;601
agustus;5;2025-08-29;dus;2786
april;1;2025-04-07;dus;2689
januari;1;2025-01-05;cirebonan;510
november;4;2025-11-28;dus;2503
mei;1;2025-05-02;besi;3818
april;3;2025-04-19;cirebonan;583
juni;2;2025-06-11;logam;230
maret;5;2025-03-31;cirebonan;563
desember;3;2025-12-18;logam;118
september;4;2025-09-27;dus;2308
februari;4;2025-02-27;atum;685
oktober;3;2025-10-17;dus;2664
mei;3;2025-05-19;dus;2271
oktober;1;2025-10-02;besi;5217
januari;1;2025-01-07;logam;182
september;2;2025-09-10;dus;2863
november;1;2025-11-07;cirebonan;541
april;4;2025-04-25;cirebonan;473
juni;4;2025-06-24;besi;4823
mei;1;2025-05-04;cirebonan;579
september;3;2025-09-15;logam;123
agustus;2;2025-08-12;cirebonan;368
maret;3;2025-03-18;dus;2531
juni;2;2025-06-09;cirebonan;555
april;4;2025-04-22;cirebonan;538
februari;1;2025-02-07;logam;115
april;1;2025-04-01;atum;590
november;3;2025-11-17;cirebonan;555
september;3;2025-09-15;besi;4194
januari;2;2025-01-12;dus;2771
oktober;4;2025-10-25;cirebonan;519
maret;4;2025-03-28;dus;2648
juli;4;2025-07-23;atum;513
januari;4;2025-01-22;cirebonan;316
september;2;2025-09-09;besi;4751
november;4;2025-11-27;dus;2858
juli;1;2025-07-07;cirebonan;470
november;1;2025-11-05;besi;3106
maret;3;2025-03-16;dus;2709
agustus;1;2025-08-07;besi;3908
februari;4;2025-02-28;dus;2744
juli;2;2025-07-10;atum;536
juli;4;2025-07-22;dus;2737
juni;4;2025-06-26;dus;2948
februari;2;2025-02-11;cirebonan;410
juni;2;2025-06-09;logam;205
desember;4;2025-12-25;atum;682
juni;3;2025-06-19;cirebonan;570
desember;3;2025-12-21;dus;2294
mei;4;2025-05-22;cirebonan;536
april;2;2025-04-12;logam;165
oktober;4;2025-10-24;cirebonan;312
maret;1;2025-03-07;dus;2516
desember;1;2025-12-02;logam;179
januari;2;2025-01-11;dus;2864
september;4;2025-09-24;cirebonan;500
juni;2;2025-06-12;cirebonan;536
juli;4;2025-07-27;atum;519
mei;4;2025-05-28;dus;2223
oktober;2;2025-10-14;cirebonan;390
maret;1;2025-03-03;besi;5228
desember;3;2025-12-19;logam;213
april;4;2025-04-22;besi;3717
maret;1;2025-03-02;besi;5263
desember;2;2025-12-13;logam;168
juli;2;2025-07-11;atum;641
maret;4;2025-03-23;atum;592
oktober;2;2025-10-13;cirebonan;489
desember;2;2025-12-10;dus;2300
agustus;2;2025-08-08;besi;4892
juni;4;2025-06-27;dus;2585
januari;1;2025-01-02;atum;629
agustus;4;2025-08-27;cirebonan;336
november;2;2025-11-11;cirebonan;528
april;4;2025-04-28;dus;2812
februari;3;2025-02-18;logam;177
februari;1;2025-02-04;besi;5489
februari;2;2025-02-12;dus;2927
februari;3;2025-02-19;logam;244
maret;2;2025-03-10;logam;200
agustus;1;2025-08-06;besi;4876
september;1;2025-09-03;besi;3969
agustus;4;2025-08-23;cirebonan;582
mei;3;2025-05-15;logam;223
februari;2;2025-02-12;cirebonan;392
desember;3;2025-12-17;atum;604
juli;1;2025-07-04;atum;669
maret;1;2025-03-07;dus;2923
desember;5;2025-12-29;cirebonan;429
april;3;2025-04-19;logam;216
juni;2;2025-06-13;cirebonan;423
juli;5;2025-07-29;atum;550
september;5;2025-09-30;besi;4478
september;5;2025-09-30;dus;2924
maret;2;2025-03-14;cirebonan;327
november;4;2025-11-22;besi;4180
juli;1;2025-07-04;dus;2700
desember;3;2025-12-20;besi;4381
februari;4;2025-02-22;dus;2579
oktober;2;2025-10-12;logam;247
november;1;2025-11-04;cirebonan;444
juni;4;2025-06-26;atum;630
juni;3;2025-06-18;logam;151
maret;4;2025-03-27;logam;181
april;2;2025-04-13;atum;537
november;5;2025-11-30;atum;579
april;4;2025-04-25;dus;2303
maret;4;2025-03-24;logam;115
maret;3;2025-03-18;logam;151
desember;1;2025-12-04;dus;2703
maret;1;2025-03-01;besi;4296
februari;4;2025-02-23;cirebonan;448
juli;2;2025-07-13;besi;3749
januari;3;2025-01-21;logam;218
juli;4;2025-07-27;dus;2872
februari;3;2025-02-20;besi;4136
juli;3;2025-07-16;dus;2690
november;4;2025-11-22;dus;2356
mei;4;2025-05-25;logam;208
april;5;2025-04-30;besi;4382
juni;1;2025-06-03;cirebonan;531
september;4;2025-09-26;besi;4320
agustus;4;2025-08-27;atum;641
oktober;1;2025-10-01;cirebonan;334
agustus;3;2025-08-15;dus;2205
februari;3;2025-02-19;logam;112
desember;4;2025-12-23;logam;217
agustus;3;2025-08-17;dus;2760
mei;4;2025-05-27;cirebonan;578
agustus;1;2025-08-02;atum;508
desember;3;2025-12-16;atum;568
januari;2;2025-01-09;logam;105
november;3;2025-11-21;logam;199
oktober;3;2025-10-21;cirebonan;552
juli;1;2025-07-01;atum;644
desember;3;2025-12-15;dus;2845
juni;4;2025-06-23;atum;572
januari;1;2025-01-03;logam;228
mei;5;2025-05-30;atum;697
juli;1;2025-07-07;cirebonan;547
januari;1;2025-01-01;logam;141
september;5;2025-09-29;atum;649
juni;2;2025-06-12;besi;4559
oktober;4;2025-10-25;logam;106
april;4;2025-04-22;cirebonan;456
oktober;3;2025-10-17;dus;2588
agustus;4;2025-08-28;cirebonan;597
maret;2;2025-03-14;cirebonan;339
maret;5;2025-03-31;dus;2492
mei;1;2025-05-02;atum;666
september;1;2025-09-03;dus;2401
april;3;2025-04-15;logam;217
januari;1;2025-01-04;besi;4414
mei;4;2025-05-23;besi;4903
oktober;1;2025-10-07;logam;149
november;2;2025-11-13;atum;691
juli;1;2025-07-02;besi;4793
februari;2;2025-02-11;logam;200
september;2;2025-09-12;logam;222
april;4;2025-04-25;atum;516
januari;1;2025-01-04;cirebonan;444
juli;2;2025-07-14;logam;227
maret;4;2025-03-22;cirebonan;342
mei;5;2025-05-30;besi;3403
juni;1;2025-06-05;logam;169
april;2;2025-04-08;dus;2299
agustus;1;2025-08-04;dus;2511
april;4;2025-04-22;cirebonan;534
oktober;4;2025-10-22;logam;217
desember;4;2025-12-24;dus;2645
maret;3;2025-03-17;dus;2446
januari;2;2025-01-13;cirebonan;347
mei;4;2025-05-23;logam;155
februari;1;2025-02-03;dus;2612
april;2;2025-04-09;atum;607
agustus;1;2025-08-01;logam;237
september;5;2025-09-30;dus;2970
agustus;1;2025-08-07;dus;2201
september;1;2025-09-02;dus;2972
april;2;2025-04-08;atum;697
november;2;2025-11-09;besi;4929
desember;1;2025-12-06;besi;3069
juli;4;2025-07-23;logam;211
mei;5;2025-05-29;dus;2382
februari;3;2025-02-19;cirebonan;410
april;3;2025-04-18;dus;2873
april;4;2025-04-22;logam;116
september;2;2025-09-13;dus;2810
februari;2;2025-02-11;besi;4360
september;4;2025-09-27;besi;3879
februari;3;2025-02-16;cirebonan;308
april;3;2025-04-17;logam;223
februari;4;2025-02-26;logam;226
januari;3;2025-01-19;cirebonan;485
mei;4;2025-05-22;besi;4106
november;2;2025-11-14;besi;3318
september;4;2025-09-23;logam;231
april;2;2025-04-11;dus;2293
september;3;2025-09-20;logam;231
mei;3;2025-05-17;cirebonan;467
oktober;3;2025-10-18;dus;2254
februari;1;2025-02-04;dus;2796
september;3;2025-09-19;logam;197
februari;3;2025-02-20;logam;207
juni;4;2025-06-25;logam;192
november;1;2025-11-01;logam;131
juni;2;2025-06-12;atum;654
mei;2;2025-05-13;besi;3114
april;3;2025-04-17;dus;2211
november;4;2025-11-23;dus;2831
oktober;1;2025-10-02;logam;242
juni;2;2025-06-13;dus;2342
november;5;2025-11-30;logam;112
oktober;5;2025-10-30;atum;511
januari;2;2025-01-08;atum;659
juli;2;2025-07-10;atum;512
mei;3;2025-05-20;atum;617
mei;2;2025-05-13;besi;4701
maret;2;2025-03-10;besi;5111
februari;4;2025-02-23;logam;206
desember;4;2025-12-22;logam;185
november;4;2025-11-23;dus;2762
april;2;2025-04-14;besi;3725
agustus;5;2025-08-31;logam;116
agustus;3;2025-08-19;logam;203
oktober;2;2025-10-13;dus;2786
agustus;5;2025-08-30;cirebonan;381
november;1;2025-11-02;cirebonan;350
februari;1;2025-02-02;dus;2928
februari;4;2025-02-24;dus;2484
april;1;2025-04-01;atum;623
oktober;4;2025-10-25;cirebonan;347
juli;1;2025-07-02;besi;4679
februari;3;2025-02-16;besi;4487
maret;4;2025-03-22;atum;693
juni;2;2025-06-08;atum;698
januari;2;2025-01-13;logam;185
mei;3;2025-05-19;besi;4528
oktober;3;2025-10-19;atum;680
desember;4;2025-12-26;cirebonan;351
agustus;5;2025-08-31;logam;247
maret;1;2025-03-02;besi;4868
agustus;1;2025-08-05;logam;193
juni;5;2025-06-30;logam;117
juli;1;2025-07-04;besi;3408
april;3;2025-04-18;cirebonan;335
maret;3;2025-03-19;dus;2773
maret;3;2025-03-16;logam;190
juni;1;2025-06-01;atum;566
agustus;1;2025-08-03;besi;3726
agustus;4;2025-08-24;logam;192
februari;2;2025-02-09;dus;2233
april;5;2025-04-30;atum;657
februari;4;2025-02-25;besi;5232
juli;4;2025-07-28;besi;3678
juli;2;2025-07-10;logam;149
november;3;2025-11-15;besi;3046
desember;2;2025-12-09;logam;213
september;3;2025-09-17;dus;2276
oktober;4;2025-10-23;dus;2221
maret;4;2025-03-27;dus;2295
november;4;2025-11-27;atum;650
juli;3;2025-07-15;besi;4265
januari;2;2025-01-08;atum;550
oktober;1;2025-10-04;logam;177
juli;2;2025-07-14;besi;3014
maret;3;2025-03-17;cirebonan;356
juli;1;2025-07-03;atum;602
agustus;3;2025-08-20;cirebonan;380
januari;3;2025-01-19;besi;3083
juli;2;2025-07-11;dus;2480
juni;3;2025-06-16;cirebonan;322
oktober;3;2025-10-18;atum;544
mei;2;2025-05-08;logam;216
juni;3;2025-06-15;besi;3635
november;2;2025-11-13;logam;137
agustus;1;2025-08-07;dus;2476
april;1;2025-04-01;dus;2720
januari;1;2025-01-06;logam;193
januari;3;2025-01-21;dus;2230
januari;1;2025-01-02;atum;623
april;1;2025-04-03;cirebonan;431
februari;4;2025-02-27;cirebonan;392
juli;2;2025-07-13;cirebonan;552
januari;1;2025-01-01;dus;2987
oktober;5;2025-10-31;cirebonan;531
april;4;2025-04-27;atum;527
desember;5;2025-12-29;besi;3357
februari;4;2025-02-24;dus;2548
maret;1;2025-03-05;cirebonan;309
juni;5;2025-06-30;besi;3500
oktober;2;2025-10-11;atum;515
november;3;2025-11-18;dus;2355
juni;2;2025-06-09;logam;196
september;1;2025-09-04;logam;225
september;4;2025-09-25;besi;4213
mei;1;2025-05-01;besi;4462
juli;4;2025-07-26;dus;2601
mei;3;2025-05-19;cirebonan;460
mei;2;2025-05-10;logam;212
september;5;2025-09-29;logam;122
juni;3;2025-06-18;besi;5378
desember;4;2025-12-28;logam;156
februari;3;2025-02-16;dus;2812
februari;4;2025-02-25;cirebonan;566
mei;4;2025-05-28;logam;248
september;4;2025-09-24;logam;156
juli;2;2025-07-12;logam;101
september;4;2025-09-24;dus;2886
juli;4;2025-07-22;cirebonan;522
juli;2;2025-07-11;dus;2800
juli;2;2025-07-14;logam;142
juni;2;2025-06-09;besi;5308
april;3;2025-04-16;besi;4770
desember;2;2025-12-14;atum;670
oktober;3;2025-10-16;logam;107
september;1;2025-09-07;cirebonan;329
mei;3;2025-05-18;besi;3921
agustus;4;2025-08-26;logam;202
juli;4;2025-07-22;besi;3205
agustus;1;2025-08-03;besi;4024
januari;4;2025-01-22;dus;2904
juni;3;2025-06-15;atum;615
april;1;2025-04-01;atum;642
oktober;1;2025-10-06;besi;3097
oktober;5;2025-10-29;cirebonan;375
november;3;2025-11-19;logam;167
agustus;3;2025-08-16;cirebonan;586
april;4;2025-04-24;besi;4537
april;1;2025-04-01;cirebonan;368
juli;4;2025-07-27;dus;2369
agustus;1;2025-08-05;cirebonan;548
september;4;2025-09-24;atum;571
september;2;2025-09-09;dus;2890
september;1;2025-09-04;besi;3033
oktober;2;2025-10-08;atum;513
november;5;2025-11-29;logam;155
juli;5;2025-07-30;dus;2358
mei;5;2025-05-30;atum;558
juli;4;2025-07-22;atum;529
desember;5;2025-12-30;dus;2997
juli;1;2025-07-02;dus;2284
agustus;3;2025-08-15;besi;4586
desember;4;2025-12-24;logam;164
februari;1;2025-02-07;dus;2630
desember;4;2025-12-23;cirebonan;599
juli;5;2025-07-31;dus;2472
juli;4;2025-07-23;logam;216
september;4;2025-09-23;logam;130
januari;4;2025-01-27;cirebonan;416
oktober;1;2025-10-04;cirebonan;537
april;4;2025-04-27;atum;557
januari;2;2025-01-09;besi;5199
mei;5;2025-05-31;atum;575
mei;4;2025-05-22;cirebonan;517
september;5;2025-09-30;dus;2636
februari;2;2025-02-08;cirebonan;511
juli;2;2025-07-14;logam;109
oktober;4;2025-10-23;dus;2851
april;2;2025-04-12;besi;4725
oktober;5;2025-10-30;dus;2591
februari;1;2025-02-04;besi;4947
april;3;2025-04-15;cirebonan;407
oktober;2;2025-10-14;dus;2805
mei;5;2025-05-31;logam;168
juli;4;2025-07-26;cirebonan;554
juli;4;2025-07-24;cirebonan;383
januari;4;2025-01-28;cirebonan;577
mei;3;2025-05-15;besi;3762
agustus;3;2025-08-17;cirebonan;476
mei;1;2025-05-01;atum;629
januari;1;2025-01-05;cirebonan;545
maret;2;2025-03-08;atum;656
februari;4;2025-02-27;atum;698
september;4;2025-09-27;atum;544
juni;3;2025-06-18;besi;4650
juli;3;2025-07-19;atum;540
april;4;2025-04-23;dus;2306
september;2;2025-09-11;atum;581
januari;2;2025-01-09;dus;2555
januari;3;2025-01-15;cirebonan;396
september;1;2025-09-06;cirebonan;432
februari;2;2025-02-14;dus;2356
maret;3;2025-03-15;besi;4780
mei;2;2025-05-10;dus;2613
juni;3;2025-06-18;logam;172
juni;1;2025-06-01;cirebonan;387
april;2;2025-04-11;atum;682
juli;3;2025-07-17;logam;219
oktober;4;2025-10-23;cirebonan;538
oktober;4;2025-10-22;atum;682
november;4;2025-11-25;atum;583
september;4;2025-09-28;cirebonan;371
oktober;2;2025-10-11;dus;2510
november;3;2025-11-16;besi;3616
april;2;2025-04-12;logam;234
maret;3;2025-03-15;atum;675
februari;3;2025-02-17;besi;4332
januari;3;2025-01-19;dus;2756
november;3;2025-11-16;cirebonan;407
juli;2;2025-07-13;cirebonan;501
mei;3;2025-05-18;atum;545
maret;4;2025-03-23;besi;4068
april;2;2025-04-14;atum;533
mei;1;2025-05-03;logam;201
november;2;2025-11-12;cirebonan;302
agustus;1;2025-08-04;atum;504
agustus;3;2025-08-21;dus;2446
april;3;2025-04-18;dus;2222
oktober;2;2025-10-11;atum;507
november;1;2025-11-07;atum;510
juli;5;2025-07-31;atum;521
januari;3;2025-01-17;dus;2576
oktober;4;2025-10-25;atum;668
april;3;2025-04-19;dus;2775
januari;3;2025-01-19;dus;2989
juli;3;2025-07-20;cirebonan;306
maret;1;2025-03-02;besi;5497
februari;1;2025-02-01;cirebonan;370
april;3;2025-04-18;logam;103
mei;1;2025-05-02;atum;510
februari;4;2025-02-24;logam;113
september;2;2025-09-13;dus;2466
februari;2;2025-02-08;dus;2286
mei;2;2025-05-14;cirebonan;485
juni;2;2025-06-12;cirebonan;593
maret;3;2025-03-18;cirebonan;309
november;2;2025-11-09;besi;4036
juli;1;2025-07-05;cirebonan;592
maret;4;2025-03-28;cirebonan;494
januari;1;2025-01-01;atum;697
februari;3;2025-02-15;besi;4652
maret;4;2025-03-27;dus;2919
november;4;2025-11-26;logam;247
november;2;2025-11-11;dus;2796
desember;4;2025-12-27;atum;619
juni;4;2025-06-24;besi;4751
september;1;2025-09-04;logam;150
agustus;3;2025-08-15;atum;545
juni;3;2025-06-15;atum;514
maret;2;2025-03-13;cirebonan;331
desember;4;2025-12-26;besi;3623
januari;2;2025-01-10;besi;3621
februari;1;2025-02-02;besi;3568
agustus;5;2025-08-30;besi;5178
desember;1;2025-12-06;atum;555
september;1;2025-09-05;dus;2841
oktober;4;2025-10-23;dus;2285
mei;3;2025-05-20;besi;3578
september;3;2025-09-19;besi;3247
maret;4;2025-03-27;cirebonan;576
januari;4;2025-01-23;logam;112
juni;3;2025-06-19;cirebonan;410
april;2;2025-04-09;logam;116
januari;3;2025-01-16;besi;3004
januari;3;2025-01-18;atum;542
agustus;2;2025-08-13;besi;3307
juni;2;2025-06-08;dus;2820
desember;2;2025-12-11;atum;535
november;1;2025-11-03;atum;684
mei;2;2025-05-12;cirebonan;509
februari;3;2025-02-17;besi;5478
juni;3;2025-06-20;logam;154
februari;1;2025-02-06;cirebonan;420
juni;2;2025-06-10;besi;5205
april;1;2025-04-01;dus;2745
november;2;2025-11-08;logam;141
januari;3;2025-01-21;cirebonan;319
oktober;1;2025-10-05;besi;5207
desember;3;2025-12-15;cirebonan;423
oktober;1;2025-10-06;besi;4638
juli;5;2025-07-29;besi;3912
maret;3;2025-03-17;logam;245
desember;4;2025-12-28;besi;5281
november;2;2025-11-09;cirebonan;325
maret;4;2025-03-28;logam;198
november;2;2025-11-14;dus;2360
januari;2;2025-01-08;cirebonan;432
agustus;4;2025-08-28;dus;2349
agustus;5;2025-08-31;cirebonan;498
oktober;3;2025-10-21;besi;4158
november;3;2025-11-20;besi;5186
maret;5;2025-03-30;cirebonan;397
agustus;2;2025-08-10;atum;579
maret;2;2025-03-08;dus;2546
oktober;3;2025-10-21;cirebonan;481
januari;5;2025-01-29;dus;2800
januari;3;2025-01-19;besi;5050
mei;3;2025-05-16;logam;159
juni;1;2025-06-02;cirebonan;546
mei;1;2025-05-06;logam;243
agustus;3;2025-08-18;logam;218
november;4;2025-11-27;cirebonan;522
februari;3;2025-02-15;besi;5265
september;1;2025-09-01;cirebonan;558
april;3;2025-04-15;dus;2958
agustus;2;2025-08-10;logam;184
juni;3;2025-06-18;logam;131
oktober;4;2025-10-23;logam;245
maret;2;2025-03-12;atum;526
februari;4;2025-02-24;logam;132
juli;1;2025-07-07;logam;225
januari;1;2025-01-03;besi;5417
maret;1;2025-03-06;cirebonan;302
mei;1;2025-05-07;besi;3769
november;3;2025-11-18;atum;507
mei;2;2025-05-13;cirebonan;373
april;2;2025-04-09;logam;196
september;3;2025-09-16;dus;2285
juni;2;2025-06-11;dus;2987
november;3;2025-11-21;atum;605
desember;4;2025-12-23;besi;5325
juli;2;2025-07-11;cirebonan;307
april;3;2025-04-21;cirebonan;584
agustus;3;2025-08-18;atum;677
maret;2;2025-03-10;atum;660
september;4;2025-09-24;cirebonan;454
juni;3;2025-06-17;cirebonan;360
desember;5;2025-12-29;cirebonan;539
april;2;2025-04-09;cirebonan;368
maret;2;2025-03-08;besi;5396
juni;3;2025-06-20;atum;506
maret;2;2025-03-12;cirebonan;592
maret;3;2025-03-21;atum;664
desember;2;2025-12-13;atum;626
april;4;2025-04-26;cirebonan;537
oktober;1;2025-10-04;cirebonan;520
juni;2;2025-06-10;dus;2890
november;3;2025-11-21;atum;524
desember;4;2025-12-22;cirebonan;529
februari;4;2025-02-23;cirebonan;531
agustus;5;2025-08-29;atum;624
maret;2;2025-03-13;atum;534
november;4;2025-11-22;dus;2209
november;4;2025-11-27;besi;4557
april;2;2025-04-12;dus;2521
maret;2;2025-03-10;cirebonan;521
januari;2;2025-01-14;atum;595
februari;2;2025-02-12;besi;3534
februari;2;2025-02-12;logam;208
april;1;2025-04-06;logam;173
april;1;2025-04-01;cirebonan;335
juli;2;2025-07-10;cirebonan;522
maret;2;2025-03-14;logam;136
desember;3;2025-12-15;besi;3196
januari;1;2025-01-01;besi;5278
maret;5;2025-03-31;logam;118
maret;3;2025-03-19;dus;2410
agustus;4;2025-08-25;cirebonan;463
april;4;2025-04-28;besi;4866
januari;1;2025-01-02;logam;124
maret;5;2025-03-29;besi;4071
september;4;2025-09-28;besi;5333
oktober;3;2025-10-19;atum;657
oktober;1;2025-10-01;cirebonan;476
november;2;2025-11-09;atum;527
april;5;2025-04-30;atum;597
januari;4;2025-01-24;logam;100
juni;2;2025-06-12;atum;664
juli;2;2025-07-12;dus;2896
februari;2;2025-02-08;cirebonan;570
september;2;2025-09-13;logam;134
juli;3;2025-07-17;atum;676
april;2;2025-04-08;atum;670
juni;1;2025-06-03;besi;5283
mei;4;2025-05-26;besi;4200
september;4;2025-09-24;dus;2423
april;1;2025-04-03;dus;2200
januari;2;2025-01-13;dus;2956
desember;5;2025-12-31;cirebonan;469
maret;3;2025-03-15;cirebonan;499
oktober;1;2025-10-05;dus;2450
maret;2;2025-03-14;dus;2982
februari;2;2025-02-13;logam;248
juni;4;2025-06-27;atum;698
november;4;2025-11-26;dus;2430
maret;4;2025-03-22;cirebonan;495
juli;2;2025-07-12;cirebonan;429
april;1;2025-04-04;besi;4636
november;1;2025-11-01;dus;2877
februari;4;2025-02-27;logam;132
agustus;1;2025-08-01;dus;2942
juli;5;2025-07-30;cirebonan;365
juli;4;2025-07-23;dus;2570
mei;3;2025-05-19;besi;3282
juli;3;2025-07-15;logam;236
mei;1;2025-05-06;besi;4764
juli;5;2025-07-30;dus;2841
april;1;2025-04-01;dus;2941
juni;2;2025-06-12;besi;5218
maret;3;2025-03-18;dus;2580
juni;3;2025-06-15;atum;597
juli;3;2025-07-15;atum;510
juli;5;2025-07-30;atum;605
agustus;1;2025-08-04;cirebonan;484
maret;3;2025-03-15;cirebonan;596
mei;5;2025-05-29;atum;522
november;3;2025-11-18;atum;620
juni;2;2025-06-13;logam;218
maret;2;2025-03-09;logam;188
juli;1;2025-07-02;besi;5063
agustus;3;2025-08-20;besi;3853
juli;1;2025-07-02;atum;596
mei;4;2025-05-25;atum;635
november;1;2025-11-05;cirebonan;334
april;2;2025-04-12;dus;2673
november;2;2025-11-14;dus;2696
september;2;2025-09-08;dus;2436
oktober;1;2025-10-03;logam;131
november;3;2025-11-15;dus;2576
juni;3;2025-06-15;besi;4099
agustus;3;2025-08-16;dus;2890
juni;2;2025-06-13;atum;569
oktober;2;2025-10-11;atum;552
februari;2;2025-02-13;dus;2552
juni;2;2025-06-08;logam;190
januari;1;2025-01-06;cirebonan;405
april;3;2025-04-15;cirebonan;525
oktober;2;2025-10-11;cirebonan;357
agustus;1;2025-08-05;besi;5143
desember;1;2025-12-02;cirebonan;512
april;4;2025-04-25;cirebonan;512
agustus;1;2025-08-03;dus;2517
juni;3;2025-06-18;cirebonan;349
februari;3;2025-02-19;logam;208
juni;2;2025-06-12;besi;4570
agustus;5;2025-08-31;logam;141
agustus;3;2025-08-16;logam;248
februari;4;2025-02-26;cirebonan;441
februari;1;2025-02-01;dus;2845
april;3;2025-04-18;atum;541
november;3;2025-11-19;besi;4632
juni;1;2025-06-07;cirebonan;344
agustus;1;2025-08-01;cirebonan;374
juni;1;2025-06-07;besi;5100
september;3;2025-09-16;cirebonan;421
maret;3;2025-03-18;cirebonan;346
juni;1;2025-06-07;atum;630
april;3;2025-04-18;atum;681
april;3;2025-04-16;atum;667
maret;1;2025-03-04;dus;2711
agustus;1;2025-08-04;besi;5170
februari;1;2025-02-03;atum;557
januari;5;2025-01-30;atum;531
mei;4;2025-05-25;logam;126
juli;4;2025-07-24;besi;5303
januari;3;2025-01-21;besi;4553
maret;3;2025-03-16;besi;4381
september;4;2025-09-28;besi;3810
maret;1;2025-03-05;dus;2704
maret;4;2025-03-25;cirebonan;312
juni;5;2025-06-29;cirebonan;598
juni;2;2025-06-08;logam;235
desember;1;2025-12-07;besi;4484
juli;1;2025-07-04;cirebonan;521
januari;3;2025-01-15;dus;2837
februari;4;2025-02-23;logam;132
oktober;5;2025-10-30;atum;689
september;1;2025-09-07;besi;4178
desember;1;2025-12-06;logam;211
juli;2;2025-07-08;dus;2861
juli;4;2025-07-25;besi;4435
agustus;3;2025-08-16;logam;225
agustus;4;2025-08-23;logam;194
februari;4;2025-02-27;besi;4279
november;2;2025-11-10;dus;2485
februari;1;2025-02-02;dus;2232
januari;3;2025-01-20;besi;3900
juni;1;2025-06-04;logam;226
desember;3;2025-12-16;logam;107
agustus;4;2025-08-28;dus;2375
november;3;2025-11-18;cirebonan;524
juni;3;2025-06-15;logam;103
juli;3;2025-07-17;cirebonan;462
juni;4;2025-06-23;cirebonan;575
september;4;2025-09-24;logam;173
maret;4;2025-03-28;logam;198
maret;3;2025-03-18;dus;2316
